epoch,test_AUC,test_MRR,test_nDCG5,test_nDCG10,test_ILD5,test_ILD10,test_RR_ILD5,test_RR_ILD10,test_COV5,test_COV10,test_duration
0,0.6868480003791464,0.3292888625282509,0.36736463256168184,0.4314073379996213,0.4275599065449588,0.43636908850632206,0.004272210295757918,0.004353841002775592,0.05102024663215716,0.06455493818366022,0:09:09.545694
