epoch,test_AUC,test_MRR,test_nDCG5,test_nDCG10,test_ILD5,test_ILD10,test_RR_ILD5,test_RR_ILD10,test_COV5,test_COV10,test_duration
0,0.6374432738383972,0.21060490281129082,0.21945787506841405,0.29293816626292124,0.43043492354090174,0.433106314118354,0.004299367092891833,0.004330965374958928,0.08928038220364287,0.09271424305762914,0:14:40.320696
