epoch,test_AUC,test_MRR,test_nDCG5,test_nDCG10,test_ILD5,test_ILD10,test_RR_ILD5,test_RR_ILD10,test_COV5,test_COV10,test_duration
0,0.5879898286784632,0.1724163343730903,0.15702022126828186,0.24145763943126888,0.4364764164105564,0.434166192570681,0.004361294664890933,0.004334019435559104,0.0898775753956405,0.09316213795162735,0:14:46.501797
