epoch,test_AUC,test_MRR,test_nDCG5,test_nDCG10,test_ILD5,test_ILD10,test_RR_ILD5,test_RR_ILD10,test_COV5,test_COV10,test_duration
0,0.6107222143925789,0.17507150819918912,0.15521553791030393,0.2499178565252198,0.43770618980633264,0.43450278612619575,0.004377984737697632,0.004351233124442385,0.08838459241564646,0.09196775156763212,0:14:43.714195
