epoch,test_AUC,test_MRR,test_nDCG5,test_nDCG10,test_ILD5,test_ILD10,test_RR_ILD5,test_RR_ILD10,test_COV5,test_COV10,test_duration
0,0.5889513914195996,0.2999019546368738,0.3262507636338573,0.3801174224717132,0.4574757135531645,0.46085714123256727,0.00456936636294617,0.004597792044356739,0.044640737047062735,0.05603837203780215,0:09:57.842646
