epoch,test_AUC,test_MRR,test_nDCG5,test_nDCG10,test_ILD5,test_ILD10,test_RR_ILD5,test_RR_ILD10,test_COV5,test_COV10,test_duration
0,0.5937199585258407,0.3029428503373948,0.32992958008468704,0.3832622856523637,0.45677738991526595,0.46064802638887803,0.0045615065694958185,0.004594690842497548,0.044371626220892496,0.05570594101723892,0:10:27.097413
