epoch,test_AUC,test_MRR,test_nDCG5,test_nDCG10,test_ILD5,test_ILD10,test_RR_ILD5,test_RR_ILD10,test_COV5,test_COV10,test_duration
0,0.5905002192156467,0.30073775080062104,0.3266011272422311,0.3807058227080009,0.45728872341221183,0.4608763025017185,0.004566460696981757,0.004596888760955999,0.044862357727438226,0.05588007155181966,0:11:39.633842
