epoch,test_AUC,test_MRR,test_nDCG5,test_nDCG10,test_ILD5,test_ILD10,test_RR_ILD5,test_RR_ILD10,test_COV5,test_COV10,test_duration
0,0.6584418519868233,0.32027201017965473,0.3544981008243593,0.4182748019782604,0.4324410943648904,0.4416648940029127,0.00432011687110775,0.004405346819805581,0.04965886245270773,0.0629086131294423,0:12:20.752042
