epoch,test_AUC,test_MRR,test_nDCG5,test_nDCG10,test_ILD5,test_ILD10,test_RR_ILD5,test_RR_ILD10,test_COV5,test_COV10,test_duration
0,0.655751376615758,0.3187106391565578,0.3524391972664811,0.41678466595582614,0.4331794453114642,0.44175323992777643,0.004327853694852347,0.0044066863112398776,0.049373921577939246,0.0629719333238353,0:12:16.378155
