epoch,test_AUC,test_MRR,test_nDCG5,test_nDCG10,test_ILD5,test_ILD10,test_RR_ILD5,test_RR_ILD10,test_COV5,test_COV10,test_duration
0,0.655895202274058,0.3188949028915352,0.352478943098836,0.4167310509290036,0.4327201671963175,0.4417190876275327,0.004323725537705153,0.0044064294289234765,0.04980133289009197,0.0630669136154248,0:12:02.261336
