epoch,test_AUC,test_MRR,test_nDCG5,test_nDCG10,test_ILD5,test_ILD10,test_RR_ILD5,test_RR_ILD10,test_COV5,test_COV10,test_duration
0,0.6060424910055253,0.30632775553488134,0.3367850227812284,0.39135500249272115,0.4504091119452537,0.4578322797908739,0.004498298433181426,0.004565657710114455,0.04646119263586139,0.05751056655743933,0:10:11.396646
