epoch,test_AUC,test_MRR,test_nDCG5,test_nDCG10,test_ILD5,test_ILD10,test_RR_ILD5,test_RR_ILD10,test_COV5,test_COV10,test_duration
0,0.6062241936815188,0.30698098571784815,0.337620171714804,0.3920436327158215,0.4501484418822418,0.4577221226127964,0.004495769000869915,0.004564382759487132,0.04663532317044213,0.057858827626600814,0:11:31.802728
