epoch,test_AUC,test_MRR,test_nDCG5,test_nDCG10,test_ILD5,test_ILD10,test_RR_ILD5,test_RR_ILD10,test_COV5,test_COV10,test_duration
0,0.6060511159802522,0.3080558364629537,0.33816293690695887,0.3928920802046887,0.45011776583916274,0.45770742738534154,0.004494472272583526,0.004563656492639091,0.046920264045210616,0.0580487882097798,0:12:26.189903
