epoch,test_AUC,test_MRR,test_nDCG5,test_nDCG10,test_ILD5,test_ILD10,test_RR_ILD5,test_RR_ILD10,test_COV5,test_COV10,test_duration
0,0.5194661212758752,0.26442151935040104,0.2711512899512051,0.3267574457241251,0.4725392899530165,0.4663361549099277,0.0047229091377582215,0.004656171578909199,0.03786547624701208,0.04999129347327096,0:12:07.799980
