epoch,test_AUC,test_MRR,test_nDCG5,test_nDCG10,test_ILD5,test_ILD10,test_RR_ILD5,test_RR_ILD10,test_COV5,test_COV10,test_duration
0,0.5157829405374673,0.2619827740340119,0.26810004041568325,0.32406765054181386,0.47292169814344037,0.4664744549528205,0.004726719283301601,0.0046583431616227635,0.03780215605261908,0.050007123521869215,0:10:02.224926
