epoch,test_AUC,test_MRR,test_nDCG5,test_nDCG10,test_ILD5,test_ILD10,test_RR_ILD5,test_RR_ILD10,test_COV5,test_COV10,test_duration
0,0.516861679441679,0.262427128017758,0.2682360804980708,0.3241452630076739,0.47300444407923087,0.46654065962704566,0.004727266464901111,0.004658757178829198,0.037897136344208576,0.04992797327887796,0:10:29.919025
