epoch,test_AUC,test_MRR,test_nDCG5,test_nDCG10,test_ILD5,test_ILD10,test_RR_ILD5,test_RR_ILD10,test_COV5,test_COV10,test_duration
0,0.6741507474109725,0.3226747575525638,0.3576354248292884,0.42269382721832055,0.42546639143638515,0.4348294971198529,0.0042502501170549765,0.004336945181552106,0.04975384274429723,0.06362096531636352,0:10:31.317980
