epoch,test_AUC,test_MRR,test_nDCG5,test_nDCG10,test_ILD5,test_ILD10,test_RR_ILD5,test_RR_ILD10,test_COV5,test_COV10,test_duration
0,0.6735870618014838,0.3214415455640026,0.3560361488819831,0.42152319646064734,0.4260383515705129,0.4351445109179244,0.0042562448409070195,0.0043401137484316895,0.05045036488262019,0.06371594560795302,0:12:12.796613
