epoch,test_AUC,test_MRR,test_nDCG5,test_nDCG10,test_ILD5,test_ILD10,test_RR_ILD5,test_RR_ILD10,test_COV5,test_COV10,test_duration
0,0.6722441449744747,0.32021227733456026,0.35526999676140153,0.4207480951634136,0.4262216849670944,0.43528658500166534,0.004258453272181759,0.004342021875451893,0.04992797327887796,0.06381092589954251,0:12:47.402482
