epoch,test_AUC,test_MRR,test_nDCG5,test_nDCG10,test_ILD5,test_ILD10,test_RR_ILD5,test_RR_ILD10,test_COV5,test_COV10,test_duration
0,0.43027750100890605,0.19282511499226818,0.18547376730832532,0.24642413349238587,0.47476808582505764,0.46734114251927,0.004745584262622243,0.004664725795498412,0.03330642225071631,0.04688860394801412,0:16:44.984537
