epoch,test_AUC,test_MRR,test_nDCG5,test_nDCG10,test_ILD5,test_ILD10,test_RR_ILD5,test_RR_ILD10,test_COV5,test_COV10,test_duration
0,0.6638522878898916,0.23547227422462902,0.2352819304012803,0.31174435668883466,0.43056351135798016,0.4337700054637944,0.004305408201968112,0.0043392078815468835,0.08211406389967155,0.09032547028963869,0:16:00.746493
