epoch,test_AUC,test_MRR,test_nDCG5,test_nDCG10,test_ILD5,test_ILD10,test_RR_ILD5,test_RR_ILD10,test_COV5,test_COV10,test_duration
0,0.662543330016054,0.20584691107858646,0.194739865623958,0.2879240938331356,0.43355438630887,0.4328512723904602,0.004331826113048259,0.004328308482189971,0.08315915198566737,0.0906240668856375,0:18:01.294722
