epoch,test_AUC,test_MRR,test_nDCG5,test_nDCG10,test_ILD5,test_ILD10,test_RR_ILD5,test_RR_ILD10,test_COV5,test_COV10,test_duration
0,0.6571974209394525,0.21877145162615647,0.20756742514822268,0.2917076608193532,0.4372769798750882,0.4373182667471045,0.004372057952719965,0.004370536174448395,0.08390564347566437,0.0906240668856375,0:16:00.289246
