epoch,test_AUC,test_MRR,test_nDCG5,test_nDCG10,test_ILD5,test_ILD10,test_RR_ILD5,test_RR_ILD10,test_COV5,test_COV10,test_duration
0,0.5526612292026117,0.20082996596516825,0.19299237485598836,0.24686854026805413,0.45736796249021117,0.4566063439145393,0.004572355910891279,0.0045609445653607686,0.08644371454165423,0.0901761719916393,0:17:25.938404
