epoch,test_AUC,test_MRR,test_nDCG5,test_nDCG10,test_ILD5,test_ILD10,test_RR_ILD5,test_RR_ILD10,test_COV5,test_COV10,test_duration
0,0.6750827384987392,0.32254763072883824,0.3579763256138573,0.42281563416882845,0.4257971763264272,0.4351419836070238,0.004254032337608089,0.0043401756295853855,0.05054534517420969,0.06352598502477402,0:11:19.854230
