epoch,test_AUC,test_MRR,test_nDCG5,test_nDCG10,test_ILD5,test_ILD10,test_RR_ILD5,test_RR_ILD10,test_COV5,test_COV10,test_duration
0,0.5920304682219936,0.3014196452797484,0.32800633471471635,0.38158265013464443,0.4568593982974356,0.460818275091652,0.0045619563250402515,0.004596141626008433,0.044862357727438226,0.05629165281537414,0:12:12.039958
