epoch,test_AUC,test_MRR,test_nDCG5,test_nDCG10,test_ILD5,test_ILD10,test_RR_ILD5,test_RR_ILD10,test_COV5,test_COV10,test_duration
0,0.5905325405781428,0.3014572989128026,0.327526510665202,0.3814276988113745,0.4572171919174117,0.46079215796870776,0.00456667369418975,0.004596856402016607,0.04492567792183122,0.05575343116303367,0:10:52.595323
