epoch,test_AUC,test_MRR,test_nDCG5,test_nDCG10,test_ILD5,test_ILD10,test_RR_ILD5,test_RR_ILD10,test_COV5,test_COV10,test_duration
0,0.5927520849325238,0.3024138558454735,0.3291470138992359,0.38260514687790365,0.4569086056605995,0.4606919739737032,0.004562668771927714,0.004595155595655986,0.04473571733865223,0.056054202086400405,0:11:52.098035
