epoch,train_loss,train_acc,train_duration,dev_AUC,dev_MRR,dev_nDCG5,dev_nDCG10,dev_ILD5,dev_ILD10,dev_RR_ILD5,dev_RR_ILD10,dev_COV5,dev_COV10,dev_duration
1,1.3093613386154175,0.48668399453163147,9:20:21.042383,0.6729225028406453,0.32496388348842903,0.35995573092385075,0.42321692829823193,0.41917180442377394,0.4315396578214289,0.004184068480949337,0.00429930054910991,0.04734472880662322,0.05970031794000063,0:06:39.731073
2,1.2751713991165161,0.5050472617149353,9:22:15.804316,0.6767614809850516,0.3219070351629806,0.3591195596935388,0.42245237206481473,0.4225032223365405,0.43351077590321485,0.0042182385036967675,0.004320573992518016,0.04758082286649668,0.060156766455755975,0:06:42.036733
3,1.2615870237350464,0.5121958255767822,9:22:02.677576,0.6813370125319458,0.3255945609227417,0.36218341665688036,0.4260377273575627,0.42414961828289527,0.4349135989533507,0.0042349573516103555,0.0043347979111982415,0.047769698114395444,0.06106966348726666,0:06:41.175933
4,1.2532575130462646,0.5163437724113464,9:21:51.101271,0.6819860037911537,0.32536714238836895,0.3618220396456025,0.42626955333218597,0.42311409121769916,0.43438613054766323,0.0042246941969651675,0.004330025351238666,0.048651115937923005,0.061400195171089494,0:06:44.997713
5,1.2471314668655396,0.5197354555130005,9:21:58.453628,0.6848210069302854,0.32761249562433775,0.3644288815083538,0.42884040453646927,0.4237705739314534,0.43482488730401275,0.004231320934760446,0.004334293993559986,0.0488242515818302,0.06092800705134259,0:06:49.100451
6,1.2415937185287476,0.5225458145141602,9:20:30.195011,0.682513369764848,0.3252672954786696,0.36035409639959204,0.42556919839462237,0.42480554867163084,0.435045380878724,0.004241973438439513,0.004338039343669762,0.04909182484968678,0.06180942487487015,0:07:42.899278
7,1.2372548580169678,0.5247738361358643,9:22:36.006573,0.6823868436763226,0.3243797128291214,0.36064025064631006,0.4254346801172493,0.42496946687816056,0.4354315774348303,0.004243951406337887,0.004341195857309956,0.049689929801366196,0.06185664368684484,0:06:49.755359
