epoch,test_AUC,test_MRR,test_nDCG5,test_nDCG10,test_ILD5,test_ILD10,test_RR_ILD5,test_RR_ILD10,test_COV5,test_COV10,test_duration
0,0.7236257061676917,0.3176236788116351,0.33354952748570216,0.4001119219390322,0.40646630441357107,0.4197488717501401,0.004059334617256171,0.0041847806972060645,0.09166915497163332,0.09346073454762616,0:14:41.018691
