epoch,test_AUC,test_MRR,test_nDCG5,test_nDCG10,test_ILD5,test_ILD10,test_RR_ILD5,test_RR_ILD10,test_COV5,test_COV10,test_duration
0,0.6898026167277094,0.2693134351921752,0.27932687431087666,0.35206065724857966,0.4153600325310101,0.42187810818992055,0.004151456828730933,0.004208820125002294,0.09137055837563451,0.09331143624962675,0:14:51.823875
