epoch,test_AUC,test_MRR,test_nDCG5,test_nDCG10,test_ILD5,test_ILD10,test_RR_ILD5,test_RR_ILD10,test_COV5,test_COV10,test_duration
0,0.6997534180324283,0.2848122736881749,0.2947897915460835,0.36678448137361286,0.41111137676823456,0.42045096034188983,0.004108562742194438,0.004195888957347904,0.09181845326963273,0.09361003284562557,0:15:10.253169
