epoch,test_AUC,test_MRR,test_nDCG5,test_nDCG10,test_ILD5,test_ILD10,test_RR_ILD5,test_RR_ILD10,test_COV5,test_COV10,test_duration
0,0.5675240327225134,0.23698594894949349,0.23309676167322552,0.28646756893788367,0.4596528242345895,0.4595294107854112,0.004596055433401119,0.004588623363861378,0.09002687369363989,0.09271424305762914,0:16:57.679599
