epoch,test_AUC,test_MRR,test_nDCG5,test_nDCG10,test_ILD5,test_ILD10,test_RR_ILD5,test_RR_ILD10,test_COV5,test_COV10,test_duration
0,0.5787113010231018,0.23295885242499376,0.2340046720955143,0.2876034255374595,0.45978235143164126,0.45997005752082964,0.004597677350456355,0.004592604032387184,0.0907733651836369,0.09301283965362794,0:16:49.132030
