epoch,test_AUC,test_MRR,test_nDCG5,test_nDCG10,test_ILD5,test_ILD10,test_RR_ILD5,test_RR_ILD10,test_COV5,test_COV10,test_duration
0,0.5573482262147139,0.22822760971349124,0.22601280914755262,0.27768870477109786,0.46150204305481657,0.4604909656353084,0.004615697561912089,0.00459823830842023,0.09107196177963571,0.09301283965362794,0:16:45.317607
