epoch,test_AUC,test_MRR,test_nDCG5,test_nDCG10,test_ILD5,test_ILD10,test_RR_ILD5,test_RR_ILD10,test_COV5,test_COV10,test_duration
0,0.6776374932101606,0.3227426903618299,0.3584133777511914,0.4229750744766142,0.4249529663870819,0.43540467625088825,0.004244049707420983,0.004341938884419417,0.04910481075176901,0.06282946288645107,0:07:34.241508
