epoch,test_AUC,test_MRR,test_nDCG5,test_nDCG10,test_ILD5,test_ILD10,test_RR_ILD5,test_RR_ILD10,test_COV5,test_COV10,test_duration
0,0.6803990835413111,0.3255773368891129,0.3614222702160522,0.4256121259493088,0.4252523494557182,0.43546592413275786,0.004246829321401872,0.004341619658209845,0.049041490557376013,0.06276614269205806,0:07:32.328695
