epoch,test_AUC,test_MRR,test_nDCG5,test_nDCG10,test_ILD5,test_ILD10,test_RR_ILD5,test_RR_ILD10,test_COV5,test_COV10,test_duration
0,0.5460754096394568,0.19388506663075886,0.18833864973929906,0.2491528649905759,0.45716014672654576,0.45631658724014507,0.004572228488804236,0.004558642962748628,0.08271125709166915,0.09002687369363989,0:18:52.601661
