epoch,test_AUC,test_MRR,test_nDCG5,test_nDCG10,test_ILD5,test_ILD10,test_RR_ILD5,test_RR_ILD10,test_COV5,test_COV10,test_duration
0,0.501496327030907,0.1683575470945893,0.15414884263114548,0.210018699748657,0.4599732656617514,0.4574233490077229,0.004602117677022812,0.004572695765758094,0.08629441624365482,0.09107196177963571,0:17:37.585748
