epoch,test_AUC,test_MRR,test_nDCG5,test_nDCG10,test_ILD5,test_ILD10,test_RR_ILD5,test_RR_ILD10,test_COV5,test_COV10,test_duration
0,0.6308661192170122,0.22109666127936253,0.2213711612714513,0.28792911112882996,0.4414392803997831,0.4418670476856838,0.004407472135725548,0.004421911985194882,0.08151687070767394,0.08838459241564646,0:18:48.224148
