epoch,test_AUC,test_MRR,test_nDCG5,test_nDCG10,test_ILD5,test_ILD10,test_RR_ILD5,test_RR_ILD10,test_COV5,test_COV10,test_duration
0,0.6606628046524593,0.24816203140358123,0.24196795706497778,0.3162310410826178,0.4379927937569706,0.43941214334572903,0.004382901682928807,0.004394969491562954,0.08405494177366378,0.0901761719916393,0:18:27.988780
