epoch,test_AUC,test_MRR,test_nDCG5,test_nDCG10,test_ILD5,test_ILD10,test_RR_ILD5,test_RR_ILD10,test_COV5,test_COV10,test_duration
0,0.6362239129938908,0.20810557693788273,0.204408440198089,0.2773869544514386,0.444192215023122,0.44385096110114913,0.004439893046330994,0.004439088148672807,0.08360704687966557,0.0906240668856375,0:16:31.431096
