epoch,test_AUC,test_MRR,test_nDCG5,test_nDCG10,test_ILD5,test_ILD10,test_RR_ILD5,test_RR_ILD10,test_COV5,test_COV10,test_duration
0,0.5153052064095776,0.16489516207601515,0.15359219835692683,0.2125040711087993,0.4576370573474632,0.4571972711693493,0.004577070504277422,0.004568386976899242,0.08256195879366975,0.08868318901164526,0:16:24.699938
