epoch,test_AUC,test_MRR,test_nDCG5,test_nDCG10,test_ILD5,test_ILD10,test_RR_ILD5,test_RR_ILD10,test_COV5,test_COV10,test_duration
0,0.5295554596796828,0.17940936959200512,0.16831386123107,0.22348958193889532,0.456767658240206,0.45680625981798334,0.00456662549777546,0.004563636081575111,0.0848014332636608,0.08942968050164228,0:17:13.129083
