epoch,test_AUC,test_MRR,test_nDCG5,test_nDCG10,test_ILD5,test_ILD10,test_RR_ILD5,test_RR_ILD10,test_COV5,test_COV10,test_duration
0,0.5198735891639318,0.18194083705620168,0.16667204908302552,0.2241215931735046,0.4622460884218454,0.4582370984768773,0.004620949631229447,0.004580191978621675,0.08390564347566437,0.08957897879964169,0:18:04.057350
