epoch,test_AUC,test_MRR,test_nDCG5,test_nDCG10,test_ILD5,test_ILD10,test_RR_ILD5,test_RR_ILD10,test_COV5,test_COV10,test_duration
0,0.45884169619846316,0.15630110682030612,0.13562086129291576,0.18515759703144619,0.47255081926775033,0.46536865454007775,0.004726758973974011,0.004652776410346383,0.07270827112570917,0.08569722305165721,0:19:07.061757
