epoch,test_AUC,test_MRR,test_nDCG5,test_nDCG10,test_ILD5,test_ILD10,test_RR_ILD5,test_RR_ILD10,test_COV5,test_COV10,test_duration
0,0.45245000511881883,0.15863295128285643,0.13773193033454165,0.1845290988499633,0.4705513364736614,0.46481750721945486,0.004703771855097364,0.004643709002652258,0.07539564048969842,0.08644371454165423,0:17:03.097740
