epoch,test_AUC,test_MRR,test_nDCG5,test_nDCG10,test_ILD5,test_ILD10,test_RR_ILD5,test_RR_ILD10,test_COV5,test_COV10,test_duration
0,0.4423400085617821,0.14379009769680895,0.12347406444524525,0.17358518085814312,0.4709274161926221,0.4648096246556254,0.004711632612631915,0.0046477867852894855,0.07524634219169901,0.08719020603165124,0:19:35.565854
