epoch,test_AUC,test_MRR,test_nDCG5,test_nDCG10,test_ILD5,test_ILD10,test_RR_ILD5,test_RR_ILD10,test_COV5,test_COV10,test_duration
0,0.623975459140511,0.28526705865213314,0.3155652174247744,0.378540782586453,0.4159066211231952,0.43285139994259225,0.004145942890490689,0.004306209457123834,0.04294692184705007,0.05746307641164458,0:08:57.104582
