epoch,test_AUC,test_MRR,test_nDCG5,test_nDCG10,test_ILD5,test_ILD10,test_RR_ILD5,test_RR_ILD10,test_COV5,test_COV10,test_duration
0,0.6246431583767615,0.2828416989627367,0.3119582592540739,0.3771254540092773,0.4224802723793624,0.4327662597389367,0.004219613573678572,0.004313150783376652,0.043405993256399295,0.05831789903595004,0:10:35.482980
