epoch,test_AUC,test_MRR,test_nDCG5,test_nDCG10,test_ILD5,test_ILD10,test_RR_ILD5,test_RR_ILD10,test_COV5,test_COV10,test_duration
0,0.6204620558376437,0.27988137180447203,0.3073974789641211,0.3724370974290927,0.42734309551635835,0.435301351897573,0.004271895872685294,0.004344973317704219,0.04454575675547324,0.058871950736888765,0:08:42.272452
