epoch,train_loss,train_acc,train_duration,dev_AUC,dev_MRR,dev_nDCG5,dev_nDCG10,dev_ILD5,dev_ILD10,dev_RR_ILD5,dev_RR_ILD10,dev_COV5,dev_COV10,dev_duration
1,1.3205344676971436,0.4819154441356659,0:35:47.969784,0.6668270349781646,0.31783725754559794,0.3511408278599094,0.41636319958870577,0.42479276724897286,0.4343176438788784,0.004242637033904505,0.0043314063371127365,0.04877703276985551,0.06117984071520761,0:07:00.608627
2,1.2771457433700562,0.5043959617614746,0:35:48.159623,0.6716105873541431,0.3198435458223378,0.3547555064844198,0.4197113697398615,0.4256021933954448,0.4348624998364277,0.00425141431231897,0.0043373768517867605,0.049296439701577106,0.06141593477508106,0:07:03.210940
3,1.2627553939819336,0.5118293762207031,0:35:52.004987,0.6734204314019425,0.32038864428107006,0.35479112416349234,0.42057195640261963,0.42587475690840576,0.43482781228244305,0.004255019067339262,0.00433821567988888,0.04891868920577958,0.06108540309125823,0:07:57.364975
4,1.2532283067703247,0.5169051289558411,0:35:54.929307,0.6757609769956228,0.32163396949613227,0.356988460646058,0.4222826715752752,0.42565640771671215,0.43479965111572183,0.004252686990348493,0.004337147172707553,0.049296439701577106,0.06138445556709793,0:09:22.343300
