epoch,train_loss,train_acc,train_duration,dev_AUC,dev_MRR,dev_nDCG5,dev_nDCG10,dev_ILD5,dev_ILD10,dev_RR_ILD5,dev_RR_ILD10,dev_COV5,dev_COV10,dev_duration
1,1.310861349105835,0.486026406288147,6:17:37.119182,0.6727096517310587,0.32007922899331503,0.3553697179627975,0.41856451013982254,0.42435151659214565,0.43469744494214413,0.004236062963423343,0.004332146810710183,0.04688828029086788,0.05998363081184877,0:06:32.574488
2,1.2770134210586548,0.5036070346832275,6:17:51.812599,0.6759285650174158,0.32323167316792173,0.36073151819042293,0.42352840673604825,0.4224652511987096,0.43370664559088695,0.004218456234968485,0.004323640208011917,0.04810022979821828,0.061038184279283536,0:06:35.706784
3,1.2641547918319702,0.5104513168334961,6:18:07.059891,0.6802660625459948,0.3244044781070083,0.3600380410089571,0.4243655523005744,0.42485609390728835,0.4350272207046584,0.004243023143031131,0.004337958956972889,0.048415021878049545,0.06147889319104732,0:06:37.710858
4,1.2558385133743286,0.5149460434913635,6:17:44.807222,0.6834293656048079,0.32905584623218964,0.36551223010474004,0.428887719966588,0.42489363050795387,0.4353037859866414,0.004242462917298514,0.0043400075267592585,0.04953253376145056,0.06168350804293764,0:06:40.952825
5,1.2496305704116821,0.5181158185005188,6:18:16.469814,0.6805857394405459,0.3262869089680366,0.3634794379187324,0.4265398811570969,0.42442555287250194,0.43514322731873323,0.004237876350960667,0.004338304114753714,0.0491705228696446,0.06146315358705575,0:06:46.490697
6,1.244407296180725,0.5208666324615479,6:18:45.304840,0.68286417774383,0.32693388889574104,0.36475626470752903,0.4279577787799119,0.4239558903842066,0.43531685544250664,0.0042329468479817885,0.0043390950854399115,0.049689929801366196,0.06151037239903044,0:06:36.924261
7,1.2402856349945068,0.522720456123352,6:19:09.412690,0.6821923239439323,0.3266371183122267,0.3641476582441329,0.42713446664489463,0.4256873649749702,0.43605953183811635,0.004250142279870352,0.004347497177220112,0.05002046148518903,0.06251770705449052,0:06:35.748668
