epoch,test_AUC,test_MRR,test_nDCG5,test_nDCG10,test_ILD5,test_ILD10,test_RR_ILD5,test_RR_ILD10,test_COV5,test_COV10,test_duration
0,0.5008323110435244,0.15356905539050367,0.13454888451896696,0.19520476440383377,0.4412943335353351,0.44134888993583987,0.004412928843465062,0.0044133911800483625,0.09346073454762616,0.09346073454762616,0:29:13.176325
