epoch,test_AUC,test_MRR,test_nDCG5,test_nDCG10,test_ILD5,test_ILD10,test_RR_ILD5,test_RR_ILD10,test_COV5,test_COV10,test_duration
0,0.49997754760847535,0.15331797859308044,0.13414628634933065,0.19475114999431442,0.44134126811760954,0.4413024486681003,0.004413344739320496,0.004413050851900829,0.09346073454762616,0.09346073454762616,0:29:33.228281
