epoch,test_AUC,test_MRR,test_nDCG5,test_nDCG10,test_ILD5,test_ILD10,test_RR_ILD5,test_RR_ILD10,test_COV5,test_COV10,test_duration
0,0.5008773815135827,0.15325007272351496,0.1342590437440415,0.19496774073195636,0.4412767987464454,0.4413016157921849,0.004412759082988411,0.004413011181621083,0.09361003284562557,0.09361003284562557,0:29:31.671218
