epoch,test_AUC,test_MRR,test_nDCG5,test_nDCG10,test_ILD5,test_ILD10,test_RR_ILD5,test_RR_ILD10,test_COV5,test_COV10,test_duration
0,0.6775310449343921,0.32631376641473636,0.3629113347640754,0.4267491242295382,0.42607435411176925,0.4352624036761455,0.004256401087470351,0.004341071971580021,0.04992797327887796,0.06357347517056877,0:08:04.929415
