epoch,test_AUC,test_MRR,test_nDCG5,test_nDCG10,test_ILD5,test_ILD10,test_RR_ILD5,test_RR_ILD10,test_COV5,test_COV10,test_duration
0,0.6716407424017801,0.31953430482755063,0.3540878127795926,0.41960713305493097,0.42632046847536054,0.4353196328246607,0.0042600471177946546,0.004342820369429546,0.049896313181681466,0.06371594560795302,0:11:29.031537
