epoch,test_AUC,test_MRR,test_nDCG5,test_nDCG10,test_ILD5,test_ILD10,test_RR_ILD5,test_RR_ILD10,test_COV5,test_COV10,test_duration
0,0.3940500977956392,0.1293058004333001,0.10337455059587604,0.14815120571628226,0.4765983517329211,0.4665756409264725,0.0047647213514245374,0.004665949792348836,0.06509405792773962,0.08315915198566737,0:29:33.228281
