epoch,test_AUC,test_MRR,test_nDCG5,test_nDCG10,test_ILD5,test_ILD10,test_RR_ILD5,test_RR_ILD10,test_COV5,test_COV10,test_duration
0,0.5004579382993328,0.21940632604974097,0.22398687465539996,0.2869389878871567,0.4488676466505018,0.4488905692678199,0.004488690503425359,0.004488863145771627,0.06059742603409792,0.07017460543603869,0:17:02.891067
