epoch,test_AUC,test_MRR,test_nDCG5,test_nDCG10,test_ILD5,test_ILD10,test_RR_ILD5,test_RR_ILD10,test_COV5,test_COV10,test_duration
0,0.4997768412210166,0.21900383000027646,0.2232795749595951,0.28661831382004815,0.44890548449002343,0.4489086002921169,0.00448913129093429,0.004489157810827159,0.0609773472004559,0.07006379509585095,0:16:44.984537
