epoch,test_AUC,test_MRR,test_nDCG5,test_nDCG10,test_ILD5,test_ILD10,test_RR_ILD5,test_RR_ILD10,test_COV5,test_COV10,test_duration
0,0.49941043647852507,0.21842382842803615,0.2227900032455893,0.28592150428161267,0.4488228162887163,0.4489008498166501,0.0044883243397790705,0.0044891145332678645,0.060359975305124186,0.06952557344351047,0:16:55.165071
