epoch,test_AUC,test_MRR,test_nDCG5,test_nDCG10,test_ILD5,test_ILD10,test_RR_ILD5,test_RR_ILD10,test_COV5,test_COV10,test_duration
0,0.6900336849796552,0.328797018694818,0.3677510950038906,0.4319912774874974,0.4274391390233439,0.4361656960555936,0.004271676466780459,0.004352437341561975,0.05045036488262019,0.06420667711449875,0:09:19.947114
