epoch,test_AUC,test_MRR,test_nDCG5,test_nDCG10,test_ILD5,test_ILD10,test_RR_ILD5,test_RR_ILD10,test_COV5,test_COV10,test_duration
0,0.6898826914757527,0.3297346091372378,0.3688899558283256,0.4327303354791105,0.4270505867279587,0.43601089432536366,0.004267949718944071,0.004351202538267772,0.05165344857608713,0.06460242832945497,0:08:24.722953
