epoch,test_AUC,test_MRR,test_nDCG5,test_nDCG10,test_ILD5,test_ILD10,test_RR_ILD5,test_RR_ILD10,test_COV5,test_COV10,test_duration
0,0.6102434476758652,0.312441753473326,0.3417605892565557,0.39563816393029655,0.45485768703746204,0.45965977542648034,0.00454144203306268,0.004582743291006829,0.046223741906887654,0.057114815342483104,0:10:18.533722
