epoch,test_AUC,test_MRR,test_nDCG5,test_nDCG10,test_ILD5,test_ILD10,test_RR_ILD5,test_RR_ILD10,test_COV5,test_COV10,test_duration
0,0.608353396459028,0.3117381171371836,0.3412003375980287,0.39484530720959155,0.4564244987238487,0.46021669488301103,0.004558418231713505,0.004590138703610699,0.04612876161529816,0.05713064539108135,0:08:56.370472
