epoch,test_AUC,test_MRR,test_nDCG5,test_nDCG10,test_ILD5,test_ILD10,test_RR_ILD5,test_RR_ILD10,test_COV5,test_COV10,test_duration
0,0.6115329938103851,0.3134720906382183,0.3423904344372449,0.396455078298361,0.4561343984331812,0.46005006563876694,0.004555914057250525,0.004588542942209209,0.046334552247075396,0.05773218723781482,0:09:47.244725
