epoch,test_AUC,test_MRR,test_nDCG5,test_nDCG10,test_ILD5,test_ILD10,test_RR_ILD5,test_RR_ILD10,test_COV5,test_COV10,test_duration
0,0.6534819913780108,0.21416231557650534,0.20412886619020681,0.2881362435576468,0.4058555177496229,0.4181238075797108,0.004046579179059785,0.0041668771156772345,0.0479247536578083,0.07061809495371753,0:15:52.869401
