epoch,test_AUC,test_MRR,test_nDCG5,test_nDCG10,test_ILD5,test_ILD10,test_RR_ILD5,test_RR_ILD10,test_COV5,test_COV10,test_duration
0,0.6533914074272752,0.2141640894684073,0.2041076670345092,0.28805449851135595,0.4053979853740425,0.4176018171561351,0.004041268151165119,0.0041612127993265035,0.0479247536578083,0.07061809495371753,0:15:49.117453
