epoch,test_AUC,test_MRR,test_nDCG5,test_nDCG10,test_ILD5,test_ILD10,test_RR_ILD5,test_RR_ILD10,test_COV5,test_COV10,test_duration
0,0.49343550403447717,0.17692349380851755,0.16537163905181798,0.21366530371087858,0.46242927189184985,0.46070179986230453,0.004626477677174019,0.004601786950987725,0.0638996715437444,0.07868020304568528,0:16:45.972233
