epoch,test_AUC,test_MRR,test_nDCG5,test_nDCG10,test_ILD5,test_ILD10,test_RR_ILD5,test_RR_ILD10,test_COV5,test_COV10,test_duration
0,0.49341375977259944,0.17674155787603196,0.16509904552696059,0.213482951709252,0.4624273389895514,0.46069693291248043,0.004626288344391646,0.0046016537234210945,0.0638996715437444,0.07882950134368469,0:16:33.200106
