epoch,test_AUC,test_MRR,test_nDCG5,test_nDCG10,test_ILD5,test_ILD10,test_RR_ILD5,test_RR_ILD10,test_COV5,test_COV10,test_duration
0,0.49366640419486746,0.17711446196464808,0.16553751739319195,0.21385697493567654,0.46236487106601093,0.4606775487510392,0.004625661344145213,0.0046014299235263385,0.0638996715437444,0.07882950134368469,0:16:22.983270
