epoch,test_AUC,test_MRR,test_nDCG5,test_nDCG10,test_ILD5,test_ILD10,test_RR_ILD5,test_RR_ILD10,test_COV5,test_COV10,test_duration
0,0.6754873887789898,0.32335659763077523,0.3580371910110016,0.4231912346641334,0.42456554743522784,0.43531437020734987,0.004237649183879295,0.00433860049017906,0.04896234031438477,0.0630352535182283,0:07:37.001593
