epoch,test_AUC,test_MRR,test_nDCG5,test_nDCG10,test_ILD5,test_ILD10,test_RR_ILD5,test_RR_ILD10,test_COV5,test_COV10,test_duration
0,0.6002320492808472,0.3046512660505239,0.33418530339493335,0.38735162910468723,0.45438191978855114,0.4596679208390133,0.00453648449815604,0.0045824625870582,0.04557470991435944,0.0561808424751864,0:08:48.282995
