epoch,test_AUC,test_MRR,test_nDCG5,test_nDCG10,test_ILD5,test_ILD10,test_RR_ILD5,test_RR_ILD10,test_COV5,test_COV10,test_duration
0,0.5989445455826908,0.30596731478681216,0.3340735743281354,0.38809539436773954,0.4527805242289793,0.4592786065911479,0.004518686728646518,0.004576074913359213,0.04502065821342072,0.055690110968640676,0:09:18.890484
