epoch,test_AUC,test_MRR,test_nDCG5,test_nDCG10,test_ILD5,test_ILD10,test_RR_ILD5,test_RR_ILD10,test_COV5,test_COV10,test_duration
0,0.595389579466088,0.30353433171887206,0.33117255626161307,0.3855649420885598,0.45443163775578355,0.4596692281974608,0.0045364674660012365,0.004582346353681337,0.04411834544332051,0.05580092130882842,0:08:56.739354
