epoch,test_AUC,test_MRR,test_nDCG5,test_nDCG10,test_ILD5,test_ILD10,test_RR_ILD5,test_RR_ILD10,test_COV5,test_COV10,test_duration
0,0.6534493639127479,0.21428647040869286,0.20424635484191125,0.28832170265684753,0.40514218634196203,0.4178941592730459,0.00404255351965781,0.00417007249039629,0.0479247536578083,0.07061809495371753,0:15:40.893756
