epoch,train_loss,train_acc,train_duration,dev_AUC,dev_MRR,dev_nDCG5,dev_nDCG10,dev_ILD5,dev_ILD10,dev_RR_ILD5,dev_RR_ILD10,dev_COV5,dev_COV10,dev_duration
1,1.0134810209274292,0.6175253987312317,"3 days, 1:11:36.310579",0.5874811275128013,0.21237188449463645,0.2128310673493035,0.2654488291554517,0.449063839962815,0.4564950508188111,0.004483781443809983,0.004549884849591633,0.16527321588533891,0.16870707673932517,0:31:20.146317
